"","name","percentage","percent"
"1","",0.644859813084112,"64.5%"
"2","over red",0.238317757009346,"23.8%"
"3","on road",0.0981308411214953,"9.8%"
"4","on path",0.0186915887850467,"1.9%"
